"实例ID","标题","年份","链接","实际查阅范围","支持的研究实例","限制","查阅日期"
"af3","Accurate structure prediction of biomolecular interactions with AlphaFold 3","2024","https://www.nature.com/articles/s41586-024-07487-w","原始方法研究 · 正文相关段落","报道了多类分子复合物的结构预测评估。","预测准确度不独立证明结合、药效或机制；原文附有 2024 年增补。","2026-10-04"
"ensemble","Experiment-guided AlphaFold3 resolves measurement-consistent protein ensembles","2026","https://www.nature.com/articles/s41587-026-03166-5","原始方法研究 · 正文相关段落","将实验测量纳入构象集合的建模，并检查与测量的一致性。","测量一致性不是任意体系动力学与热力学都已验证；本卡只讨论方法层级。","2026-10-04"
"sc-eval","Zero-shot evaluation reveals limitations of single-cell foundation models","2025","https://doi.org/10.1186/s13059-025-03574-x","原始评估研究 · 正文相关段落","比较了 Geneformer、scGPT 与基线在所选单细胞任务中的零样本表现。","评价限于这些模型、版本和任务，不能写成所有模型在所有任务上都无用。","2026-10-04"
"hf-trial","Semaglutide in Patients with Obesity-Related Heart Failure and Type 2 Diabetes","2024","https://doi.org/10.1056/NEJMoa2313917","原始随机试验 · 摘要与索引节选","研究肥胖、射血分数保留型心衰合并二型糖尿病人群的症状、身体限制等结局。","适用人群、观察窗口和结局有限，未完成全文审查；不是用药建议。","2026-10-04"
"pathology","Towards a general-purpose foundation model for computational pathology","2024","https://www.nature.com/articles/s41591-024-02857-3","原始方法研究 · 摘要与索引节选","提出 UNI 并评估所选计算病理任务。","预训练切片和任务评估不等于前瞻性临床获益，未完成补充材料审查。","2026-10-04"
"connectome","Neuronal wiring diagram of an adult brain","2024","https://www.nature.com/articles/s41586-024-07558-y","原始资源研究 · 摘要与索引节选","提供成年雌性果蝇脑的突触层面连接资源。","一只果蝇的结构连接不是人的动态功能或疾病证据，资源条目不是独立动物重复。","2026-10-04"
"proof","Olympiad-level formal mathematical reasoning with reinforcement learning","2025","https://www.nature.com/articles/s41586-025-09833-y","原始方法研究 · 正文相关段落","研究形式环境中的证明搜索与竞赛问题评价。","报道的求解成绩不表示任意数学问题已解决；形式陈述与原题之间仍要核对。","2026-10-04"
"quantum","Quantum error correction below the surface code threshold","2024","https://www.nature.com/articles/s41586-024-08449-y","原始器件研究 · 摘要与索引节选","报道特定超导架构中低于阈值的表面码存储实验。","存储实验不等于普遍实用算法已可运行；2024 年在线发表，卷期为 2025 年。","2026-10-04"
"gencast","Probabilistic weather forecasting with machine learning","2024","https://www.nature.com/articles/s41586-024-08252-9","原始方法研究 · 正文相关段落","研究概率性天气预测和指定评估窗口中的比较。","天气预测技巧不证明生态因果或长期气候预测，时间和基准设置不能省略。","2026-10-04"
"earth-model","A foundation model for the Earth system","2025","https://www.nature.com/articles/s41586-025-09005-y","原始方法研究 · 摘要与索引节选","研究多来源地球系统资料中的预训练与下游预测。","预测能力取决于任务、资料和微调条件，不能自动外推到所有地区或生态过程。","2026-10-04"
"pangenome","Pan-genome bridges wheat structural variations with habitat and breeding","2024","https://www.nature.com/articles/s41586-024-08277-0","原始资源研究 · 摘要与索引节选","研究小麦泛基因组结构变异及其与生境、育种资料的联系。","基因组资源不独立证明所有作物的育种成效；2024 年在线，卷期为 2025 年。","2026-10-04"
"carbon-date","Tracing ancient solar cycles with tree rings and radiocarbon in the first millennium BCE","2024","https://www.nature.com/articles/s41467-024-55757-y","原始测量研究 · 正文相关段落","利用年轮和放射性碳资料研究古代太阳变化与年代精度。","精度潜力取决于年代、材料与校准；测量本身不能替代考古层位。","2026-10-04"
"ancient-text","Contextualizing ancient texts with generative neural networks","2025","https://www.nature.com/articles/s41586-025-09292-5","原始方法研究 · 正文相关段落","研究拉丁铭文的语境检索、复原与人机协作评价。","生成复原是候选解释，拉丁铭文表现不能直接代表所有语言和历史材料。","2026-10-04"
"learn-guard","Generative AI without guardrails can harm learning: Evidence from high school mathematics","2025","https://doi.org/10.1073/pnas.2422633122","原始课堂研究 · 正文相关段落","比较高中数学中不同工具安排及撤去工具后的表现。","该情境不能代表全部课程或工具；2025 年有作者单位更正。","2026-10-04"
"learn-tutor","AI tutoring outperforms in-class active learning: an RCT introducing a novel research-based design in an authentic educational setting","2025","https://www.nature.com/articles/s41598-025-97652-6","原始课堂试验 · 摘要与索引节选","比较特定大学物理课程中设计过的助教与课堂活动。","特定课次评价不能独立证明长期学习，也不与其他设计的试验形成简单矛盾。","2026-10-04"
"work","Generative AI at Work","2025","https://doi.org/10.1093/qje/qjae044","原始工作场景研究 · 摘要与索引节选","研究客服工作中引入生成工具后的生产率与人员差异。","一个工作场景不代表全经济的就业、工资或长期技能效果。","2026-10-04"
"creativity","Generative AI enhances individual creativity but reduces the collective diversity of novel content","2024","https://doi.org/10.1126/sciadv.adn5290","原始创作实验 · 摘要与索引节选","研究短篇故事任务中的辅助创作、评价与内容多样性。","短篇任务不代表全部艺术和媒介；个人评分与作品集合多样性不同。","2026-10-04"
"pqc","NIST FIPS 203, 204 and 205 approval","2024","https://www.nist.gov/news-events/news/2024/08/announcing-approval-three-federal-information-processing-standards-fips","官方标准发布 · 方法背景","美国官方发布后量子密钥封装与数字签名标准。","标准发布不是每个系统实现已安全；此入口不是实验论文。","2026-10-04"
"legal-tools","Hallucination-Free? Assessing the Reliability of Leading AI Legal Research Tools","2024","https://arxiv.org/abs/2405.20362","作者预印本入口 · 索引节选","对特定美国法律检索工具进行预注册评价。","本入口按预印本处理；版本、工具和司法制度有限，不提供法律建议。","2026-10-04"
"catalysis","Polymeric ionic liquid promotes acidic electrocatalytic CO2 conversion to multicarbon products with ampere level current on Cu","2025","https://www.nature.com/articles/s41467-025-57095-z","原始材料研究 · 正文相关段落","研究特定材料和条件下的电催化转化评价。","本例不证明工业全寿命净减排；游戏只讨论材料评价边界，不复述实验操作。","2026-10-04"
"path-eval","A benchmark study of vision and pathology foundation models for computational pathology","2026","https://www.nature.com/articles/s41467-026-76004-6","原始评估研究 · 正文相关段落","比较视觉和病理基础模型在所选病理任务中的表现。","来源暴露、任务与组织差异影响比较，不能据此宣称所有机构中的临床获益。","2026-10-04"