领域ID,领域,投稿ID,虚构刊名,游戏内档位,虚构出版单位,设定刊期,范围
compute,计算与数据,brief,东滨大学学报（信息科学版）,3—4区,东滨大学学报编辑部,双月刊,重视范围明确的短篇工作，栏目容量有限，编辑可能因主题不合退回。
compute,计算与数据,methods,计算系统与数据工程,2区,宁华学术交流联合会 · 专业编辑委员会,季刊,关注方法、过程与解释的可追溯性，评审通常要求回应替代解释。
compute,计算与数据,frontier,国际计算与智能研究,1区,诺德林学术出版集团,月刊,关注问题的重要性与跨场景联系；新颖的标题不能替代实际支持。
proof,基础理论,brief,北原大学学报（基础科学版）,3—4区,北原大学学报编辑部,双月刊,重视范围明确的短篇工作，栏目容量有限，编辑可能因主题不合退回。
proof,基础理论,methods,理论模型与形式分析,2区,宁华学术交流联合会 · 专业编辑委员会,季刊,关注方法、过程与解释的可追溯性，评审通常要求回应替代解释。
proof,基础理论,frontier,基础科学与数学研究,1区,诺德林学术出版集团,月刊,关注问题的重要性与跨场景联系；新颖的标题不能替代实际支持。
bench,实验与材料,brief,广临大学学报（实验科学版）,3—4区,广临大学学报编辑部,双月刊,重视范围明确的短篇工作，栏目容量有限，编辑可能因主题不合退回。
bench,实验与材料,methods,材料过程与实验分析,2区,宁华学术交流联合会 · 专业编辑委员会,季刊,关注方法、过程与解释的可追溯性，评审通常要求回应替代解释。
bench,实验与材料,frontier,物质结构与材料研究,1区,诺德林学术出版集团,月刊,关注问题的重要性与跨场景联系；新颖的标题不能替代实际支持。
clinical,临床医学,brief,海临医科大学学报,3—4区,海临医科大学学报编辑部,双月刊,重视范围明确的短篇工作，栏目容量有限，编辑可能因主题不合退回。
clinical,临床医学,methods,临床研究与卫生服务,2区,宁华学术交流联合会 · 专业编辑委员会,季刊,关注方法、过程与解释的可追溯性，评审通常要求回应替代解释。
clinical,临床医学,frontier,国际医学与健康研究,1区,诺德林学术出版集团,月刊,关注问题的重要性与跨场景联系；新颖的标题不能替代实际支持。
field,田野与社会,brief,江沅师范大学学报（社会科学版）,3—4区,江沅师范大学学报编辑部,双月刊,重视范围明确的短篇工作，栏目容量有限，编辑可能因主题不合退回。
field,田野与社会,methods,社会调查与区域发展,2区,宁华学术交流联合会 · 专业编辑委员会,季刊,关注方法、过程与解释的可追溯性，评审通常要求回应替代解释。
field,田野与社会,frontier,比较社会与文化研究,1区,诺德林学术出版集团,月刊,关注问题的重要性与跨场景联系；新颖的标题不能替代实际支持。
archive,文献与文本,brief,北原大学学报（历史文化版）,3—4区,北原大学学报编辑部,双月刊,重视范围明确的短篇工作，栏目容量有限，编辑可能因主题不合退回。
archive,文献与文本,methods,历史文献与文本研究,2区,宁华学术交流联合会 · 专业编辑委员会,季刊,关注方法、过程与解释的可追溯性，评审通常要求回应替代解释。
archive,文献与文本,frontier,思想史与比较人文,1区,诺德林学术出版集团,月刊,关注问题的重要性与跨场景联系；新颖的标题不能替代实际支持。
survey,调查与公共事务,brief,东滨大学学报（经济管理版）,3—4区,东滨大学学报编辑部,双月刊,重视范围明确的短篇工作，栏目容量有限，编辑可能因主题不合退回。
survey,调查与公共事务,methods,组织管理与公共政策,2区,宁华学术交流联合会 · 专业编辑委员会,季刊,关注方法、过程与解释的可追溯性，评审通常要求回应替代解释。
survey,调查与公共事务,frontier,比较制度与社会经济,1区,诺德林学术出版集团,月刊,关注问题的重要性与跨场景联系；新颖的标题不能替代实际支持。
environment,环境与空间,brief,岭州理工大学学报（地球科学版）,3—4区,岭州理工大学学报编辑部,双月刊,重视范围明确的短篇工作，栏目容量有限，编辑可能因主题不合退回。
environment,环境与空间,methods,环境过程与空间分析,2区,宁华学术交流联合会 · 专业编辑委员会,季刊,关注方法、过程与解释的可追溯性，评审通常要求回应替代解释。
environment,环境与空间,frontier,全球环境与区域变化,1区,诺德林学术出版集团,月刊,关注问题的重要性与跨场景联系；新颖的标题不能替代实际支持。
engineer,工程系统,brief,岭州理工大学学报（工程技术版）,3—4区,岭州理工大学学报编辑部,双月刊,重视范围明确的短篇工作，栏目容量有限，编辑可能因主题不合退回。
engineer,工程系统,methods,工程测量与系统控制,2区,宁华学术交流联合会 · 专业编辑委员会,季刊,关注方法、过程与解释的可追溯性，评审通常要求回应替代解释。
engineer,工程系统,frontier,国际工程系统研究,1区,诺德林学术出版集团,月刊,关注问题的重要性与跨场景联系；新颖的标题不能替代实际支持。
design,设计实践,brief,江沅师范大学学报（艺术与设计版）,3—4区,江沅师范大学学报编辑部,双月刊,重视范围明确的短篇工作，栏目容量有限，编辑可能因主题不合退回。
design,设计实践,methods,设计研究与交互实践,2区,宁华学术交流联合会 · 专业编辑委员会,季刊,关注方法、过程与解释的可追溯性，评审通常要求回应替代解释。
design,设计实践,frontier,国际设计与创作研究,1区,诺德林学术出版集团,月刊,关注问题的重要性与跨场景联系；新颖的标题不能替代实际支持。
philosophy,哲学,brief,江沅师范大学学报（哲学版）,3—4区,江沅师范大学学报编辑部,双月刊,重视范围明确的短篇工作，栏目容量有限，编辑可能因主题不合退回。
philosophy,哲学,methods,哲学论证与思想研究,2区,宁华学术交流联合会 · 专业编辑委员会,季刊,关注方法、过程与解释的可追溯性，评审通常要求回应替代解释。
philosophy,哲学,frontier,伦理与比较哲学评论,1区,诺德林学术出版集团,月刊,关注问题的重要性与跨场景联系；新颖的标题不能替代实际支持。
economics,经济,brief,东滨大学学报（经济科学版）,3—4区,东滨大学学报编辑部,双月刊,重视范围明确的短篇工作，栏目容量有限，编辑可能因主题不合退回。
economics,经济,methods,产业金融与经济分析,2区,宁华学术交流联合会 · 专业编辑委员会,季刊,关注方法、过程与解释的可追溯性，评审通常要求回应替代解释。
economics,经济,frontier,国际制度经济研究,1区,诺德林学术出版集团,月刊,关注问题的重要性与跨场景联系；新颖的标题不能替代实际支持。
law,法学,brief,北原大学学报（法学版）,3—4区,北原大学学报编辑部,双月刊,重视范围明确的短篇工作，栏目容量有限，编辑可能因主题不合退回。
law,法学,methods,法律解释与司法研究,2区,宁华学术交流联合会 · 专业编辑委员会,季刊,关注方法、过程与解释的可追溯性，评审通常要求回应替代解释。
law,法学,frontier,比较法与公共制度,1区,诺德林学术出版集团,月刊,关注问题的重要性与跨场景联系；新颖的标题不能替代实际支持。
education,教育,brief,江沅师范大学学报（教育科学版）,3—4区,江沅师范大学学报编辑部,双月刊,重视范围明确的短篇工作，栏目容量有限，编辑可能因主题不合退回。
education,教育,methods,教学研究与教育评价,2区,宁华学术交流联合会 · 专业编辑委员会,季刊,关注方法、过程与解释的可追溯性，评审通常要求回应替代解释。
education,教育,frontier,国际教育与学习科学,1区,诺德林学术出版集团,月刊,关注问题的重要性与跨场景联系；新颖的标题不能替代实际支持。
literature,语言文学,brief,广临大学学报（语言文学版）,3—4区,广临大学学报编辑部,双月刊,重视范围明确的短篇工作，栏目容量有限，编辑可能因主题不合退回。
literature,语言文学,methods,语言文化与文学研究,2区,宁华学术交流联合会 · 专业编辑委员会,季刊,关注方法、过程与解释的可追溯性，评审通常要求回应替代解释。
literature,语言文学,frontier,比较文学与文本批评,1区,诺德林学术出版集团,月刊,关注问题的重要性与跨场景联系；新颖的标题不能替代实际支持。
history,历史,brief,北原历史研究学报,3—4区,宁华学术交流联合会 · 专业编辑委员会,双月刊,重视范围明确的短篇工作，栏目容量有限，编辑可能因主题不合退回。
history,历史,methods,史料整理与历史解释,2区,宁华学术交流联合会 · 专业编辑委员会,季刊,关注方法、过程与解释的可追溯性，评审通常要求回应替代解释。
history,历史,frontier,跨区域历史研究,1区,诺德林学术出版集团,月刊,关注问题的重要性与跨场景联系；新颖的标题不能替代实际支持。
agriculture,农林与动物,brief,江沅农林研究学报,3—4区,宁华学术交流联合会 · 专业编辑委员会,双月刊,重视范围明确的短篇工作，栏目容量有限，编辑可能因主题不合退回。
agriculture,农林与动物,methods,农业系统与动物健康,2区,宁华学术交流联合会 · 专业编辑委员会,季刊,关注方法、过程与解释的可追溯性，评审通常要求回应替代解释。
agriculture,农林与动物,frontier,国际农业与生态研究,1区,诺德林学术出版集团,月刊,关注问题的重要性与跨场景联系；新颖的标题不能替代实际支持。
military,国防与组织史,brief,北原国防与历史研究学报,3—4区,宁华学术交流联合会 · 专业编辑委员会,双月刊,重视范围明确的短篇工作，栏目容量有限，编辑可能因主题不合退回。
military,国防与组织史,methods,军事史与组织研究,2区,宁华学术交流联合会 · 专业编辑委员会,季刊,关注方法、过程与解释的可追溯性，评审通常要求回应替代解释。
military,国防与组织史,frontier,战略文化与比较防务,1区,诺德林学术出版集团,月刊,关注问题的重要性与跨场景联系；新颖的标题不能替代实际支持。
management,管理,brief,广临大学学报（管理科学版）,3—4区,广临大学学报编辑部,双月刊,重视范围明确的短篇工作，栏目容量有限，编辑可能因主题不合退回。
management,管理,methods,组织治理与管理实践,2区,宁华学术交流联合会 · 专业编辑委员会,季刊,关注方法、过程与解释的可追溯性，评审通常要求回应替代解释。
management,管理,frontier,国际管理与公共政策研究,1区,诺德林学术出版集团,月刊,关注问题的重要性与跨场景联系；新颖的标题不能替代实际支持。
arts,艺术,brief,江沅师范大学学报（艺术版）,3—4区,江沅师范大学学报编辑部,双月刊,重视范围明确的短篇工作，栏目容量有限，编辑可能因主题不合退回。
arts,艺术,methods,艺术创作与表演研究,2区,宁华学术交流联合会 · 专业编辑委员会,季刊,关注方法、过程与解释的可追溯性，评审通常要求回应替代解释。
arts,艺术,frontier,比较艺术与文化评论,1区,诺德林学术出版集团,月刊,关注问题的重要性与跨场景联系；新颖的标题不能替代实际支持。
pharmacy,药学,brief,海临药学研究学报,3—4区,宁华学术交流联合会 · 专业编辑委员会,双月刊,重视范围明确的短篇工作，栏目容量有限，编辑可能因主题不合退回。
pharmacy,药学,methods,药物评价与药学方法,2区,宁华学术交流联合会 · 专业编辑委员会,季刊,关注方法、过程与解释的可追溯性，评审通常要求回应替代解释。
pharmacy,药学,frontier,国际药物科学与转化研究,1区,诺德林学术出版集团,月刊,关注问题的重要性与跨场景联系；新颖的标题不能替代实际支持。
nursing,护理,brief,海临护理与健康学报,3—4区,宁华学术交流联合会 · 专业编辑委员会,双月刊,重视范围明确的短篇工作，栏目容量有限，编辑可能因主题不合退回。
nursing,护理,methods,护理实践与照护研究,2区,宁华学术交流联合会 · 专业编辑委员会,季刊,关注方法、过程与解释的可追溯性，评审通常要求回应替代解释。
nursing,护理,frontier,国际护理与健康服务研究,1区,诺德林学术出版集团,月刊,关注问题的重要性与跨场景联系；新颖的标题不能替代实际支持。
publichealth,公共卫生,brief,海临公共卫生学报,3—4区,宁华学术交流联合会 · 专业编辑委员会,双月刊,重视范围明确的短篇工作，栏目容量有限，编辑可能因主题不合退回。
publichealth,公共卫生,methods,人群健康与卫生评价,2区,宁华学术交流联合会 · 专业编辑委员会,季刊,关注方法、过程与解释的可追溯性，评审通常要求回应替代解释。
publichealth,公共卫生,frontier,国际流行病学与卫生政策研究,1区,诺德林学术出版集团,月刊,关注问题的重要性与跨场景联系；新颖的标题不能替代实际支持。
basicmedicine,基础医学,brief,海临基础医学研究学报,3—4区,宁华学术交流联合会 · 专业编辑委员会,双月刊,重视范围明确的短篇工作，栏目容量有限，编辑可能因主题不合退回。
basicmedicine,基础医学,methods,生物医学机制与实验方法,2区,宁华学术交流联合会 · 专业编辑委员会,季刊,关注方法、过程与解释的可追溯性，评审通常要求回应替代解释。
basicmedicine,基础医学,frontier,国际生命医学研究,1区,诺德林学术出版集团,月刊,关注问题的重要性与跨场景联系；新颖的标题不能替代实际支持。
dental,口腔,brief,海临口腔医学学报,3—4区,宁华学术交流联合会 · 专业编辑委员会,双月刊,重视范围明确的短篇工作，栏目容量有限，编辑可能因主题不合退回。
dental,口腔,methods,口腔研究与临床评价,2区,宁华学术交流联合会 · 专业编辑委员会,季刊,关注方法、过程与解释的可追溯性，评审通常要求回应替代解释。
dental,口腔,frontier,国际口腔健康与修复研究,1区,诺德林学术出版集团,月刊,关注问题的重要性与跨场景联系；新颖的标题不能替代实际支持。
rehabilitation,康复,brief,海临康复与功能学报,3—4区,宁华学术交流联合会 · 专业编辑委员会,双月刊,重视范围明确的短篇工作，栏目容量有限，编辑可能因主题不合退回。
rehabilitation,康复,methods,康复评价与健康行为,2区,宁华学术交流联合会 · 专业编辑委员会,季刊,关注方法、过程与解释的可追溯性，评审通常要求回应替代解释。
rehabilitation,康复,frontier,国际功能康复研究,1区,诺德林学术出版集团,月刊,关注问题的重要性与跨场景联系；新颖的标题不能替代实际支持。
